Slider,country,ratio
0,US,0.040797076
0,CHINA,0.010404745
25,US,0.036139606
25,CHINA,0.013109978
50,US,0.033174266
50,CHINA,0.013831918
75,US,0.032062248
75,CHINA,0.014101058
100,US,0.030420411
100,CHINA,0.01322449